1	410 17
2	410 17
3	405 17
5	740 235
6	740 390 590
7	368 390 125 33
8	740 904 33 705 235
9	740 17 495 235 741 66
10	156 460 510
11	72 170 740 840 13
16	390 415
17	390 34
18	405 844 32 840 2 861
19	226 3 2 297 350 125 413
20	390 717 61 2 368 634
22	527 554 298 368 634
26	520 1
27	90 740 220 2 368 550 821
28	220 14
29	740 797
30	2 817
31	2 817
32	740 61
33	390 4
36	2 817
37	236 2 308 90
39	740 803
40	426 3 60 692
50	390 3 3
52	236 2 820
54	740 50 705
57	740 405
58	740 386
60	892 700
61	390 3 2 817
64	842 32 31 592 31 60 920
65	740 482 235
66	390 844 60 575 717
67	740 531 60 692
68	740 67 741 647 892
69	740 176 32 2 861
70	32 31 0 151 740 240 235
71	32 31 0 740 222 235 2 861
72	32 31 0 850 32 530 740 741 456
73	32 31 0 740 791 713
74	32 31 0 740 222 235 2 861
75	32 0 226 32 817
76	125 2 861
77	151 740 100 240
79	1 368 767
80	526 388
81	740 636 240 0 2 817
85	161 55
87	520 233 803 2 817
88	151 690 0 32 31
89	31 840 140 740 101 2 365 287 34
90	740 390 590
91	740 16 2 920 317
92	520 235 803 2 817
93	740 140 717 2 298 741
94	817 521 521 0 90 740 221 2 31 500
96	740 803 233 741 250 579
97	151 233 803 33 705 240
98	740 231 220 32 2 817
99	590 615 140 0 232 240 1 60 920
100	161 390 590 31 740 60 920
103	740 400 920 31
104	429 3 741 60 920
105	740 100
107	151 790 31 790 495
108	156 230
111	390 128 702 2 0 226 32 2 1 480 850
113	822 140 15
114	375 400 390 632
123	740 920 320 233 240 1 2 817
127	151 892 32
128	156 19
129	93 808
130	244 165 0 740 879 220 416 803 2 856
131	520 460 495
132	740 416 2 861
133	520 460
134	154 388 717 705
135	590 407 790 32
136	390 16 2 861
137	617 142
138	520 33 706 233
139	740 100 407 590
144	798 821 1 480 850 820 388 611 820
145	151 382 31 2 861
149	240 220
150	740 760 445
151	220 32
153	390 371
157	740 923 838
158	236 140 893 861
160	617 117
162	33 0 0
170	527 740 914
173	220 16
176	235 33
181	740 142
198	740 603 240 60 692
199	520 220 240 798 60 692
205	740 55 806
212	0 0 0 0
217	90 740 240 220
218	0 0 740 519
220	400 154 440 220
221	520 220 415
222	700 34
225	804 740 219
229	740 31 904 1 32
232	390 35
233	405 4 745 905
234	400 156 435 255
236	60 550
237	400 90 740 220 3
240	151 231
244	156 384 31 400
246	740 900 5 2 820
248	740 554
249	400 892 831
255	400 678
257	156 176 741 60 920
258	700 33 711 817 0
259	400 740 575 17 920 320 798 2 861
260	400 740 176
261	503 233 240
264	400 156 140 32
265	400 740 176
266	400 740 760 605
268	869 0
273	400 740 382
274	154 435 255
280	740 904 240 2 817
281	400 98
282	520 220
284	90 740 103 2 861
288	740 798 820
290	520 0 255
291	740 407 590 690 436 255 920 318 220 415 803
292	740 100 140 3
293	220 500 520 2 862 32
294	740 760 70 921 315 233
295	740 924
297	400 740 455
300	700 33 711 335 575 413
303	151 760 220 3 2 861
306	740 100 176
308	0 220
309	740 785 4
310	416 590 33
311	400 740 767 220 416
313	525 550 220
315	405 5 2
316	740 904 240
317	400 226 32
318	220 16
319	400 255 400 165 900 1
321	90 740 103 741 66
322	520 33 706 231 415 803
370	700 32 740 335 575 413
371	740 31 1 140
373	550 3 435
375	415 700 33 171
378	740 390 590 60 550
379	405 5
382	400 740 61 140
383	740 31 1 140
386	400 617 829
388	2 220 455 0
390	400 156 435 255
392	400 137
393	0 4 745 590
394	390 4 455 371 741 590
396	400 775 516
397	565 740 176 231
400	740 31 1 140
401	390 4 2 817
403	740 515 126
405	740 630 240 33 171
406	400 740 100 240
407	740 760 840 799
409	405 35 2 861
410	400 740 904 240
411	740 702 61 2 0
414	32 920 491
415	400 297 352 892 590 740 176
416	220 233
417	400 90
418	565 740 176 231
419	400 368 741
420	90 100 415 717
422	740 384 31
423	400 740 176 235
424	740 636 240 60 692
425	740 143 67
426	407 790 32
427	400 740 717
430	405 4 104
433	700 33
434	700 34 1
437	520 240
448	382 760 382 2 820
453	740 817 491
454	740 817 491
455	740 760 240
458	400 740 67 100
459	740 100 415
461	740 892
463	400 740 176
464	390 3
466	861 3
467	740 176 220
468	400 775 516
469	740 760 240
470	0
472	824 892 413
476	2 861 416
479	520 220 415 60 920
480	400 740 760 382
481	110
484	740 760 840 799
485	520 220 415 240 803
488	2 861 416
489	390 3
490	400 740 32 15
491	504 350 741 60 920
494	400 740 100 176 175
497	400 740 0 792
498	0 740 233 240
499	700 33 400 740 388
501	534 556
502	405 3
504	400 740 0 832 0
506	151 740 221
508	151 740 222
509	151 740 222
510	520 70 255 832
513	740 61 2 455 420 32
515	520 240
516	740 690 435 255
518	2 861 416
519	390 4 155 390
520	400 98
526	400 520 233
530	156 140
532	700 34 400 525 550
533	90 740 101 31
534	400 740 637
535	740 32 840
537	740 390 590 2 861
542	111 33
544	400 740 32 28
548	400 740 176 791
549	400 740 32 27
550	400 740 176 519
552	617 550 3
554	400 90 740 400 90
556	400 740 141
557	400 153 118
559	298 350 892 590
560	400 236 233
567	400 740 32 840
569	400 740 275 320 235 240 798
570	740 690 435 255 55
574	90 740 240 235
578	400 90 740 100 390 231
581	700 33 711 335 575 413
585	400 740 176
589	504 350 741 60 920
592	400 154 806 467
593	740 100 175 630 705
594	740 752 175 2 861
596	740 176 33 705 235
597	740 690 436 255
598	400 137
599	740 142 62 2 817
601	740 752 460 495 240 415
603	158 805 480
609	34 705
613	520 235
621	700 34
622	158 838 470
623	405 3 2 293 360
624	400 525 554
625	3 408
626	33 33 0 740 142 61 140 2 546
627	400 151 97
628	520 33 33
630	400 740 32 27
631	740 690 435 176 233 803
632	0 740 242 235
634	390 3 2 820
635	740 33 711 335 575 413
637	400 97
638	400 740 32 25
640	400 740 32 14
643	700 32
644	400 137
646	740 176 31 60 201
647	868 705 590
649	400 740 798 365 415 1
652	740 540 204 255
653	700 33 711 335 575 413
654	368 91
658	700 125
659	400 740 32 27
662	617 550 3 790
664	740 760 61 60 692
665	2 861 416
666	90 740 240 235
668	740 400 142 61 33
670	700 3
671	400 156 435 255
672	876 32 578 415
675	740 923 235
677	90 740 176 741 347
679	257 360
681	869 60 820
682	526 554 2 820
686	740 603 240 60 692
687	700 33 711 335 575 413
688	682 413 840 0 740 61
689	700 33 711 335 575 413
690	390 0 742 0
693	156 3
694	740 32 840
701	700 33
702	740 176
703	400 852
715	16 220 382
718	740 175 415 33 1
719	740 176
729	740 482 240 2 861
730	400 740 17 503
731	740 760 33 33 240 2 824
732	368 900
737	400 740 16 503
740	700 34
742	33 711 335 575 413
743	700 34
744	740 0 220 4 2 390 95
745	400 158 806 475
746	400 740 176 240
749	400 740 575 17 798
751	400 236 220
752	90 740 792
753	400 740 176 240
755	740 630 0
760	740 803 60 550
765	511 32 142
768	31 893
769	156 3
771	408 817 920 2 861
772	156 176
773	156 176
774	368 91
775	161 97 741 140
776	712 840 400 740 440
780	400 154 690
784	151 740 235
786	416 590 33
787	405 4 1 2 817
788	637 272 317
789	407 4 2 861
790	400 740 440
794	154 3
797	400 98
800	90 740 176 741 347
801	400 740 817 491
805	154 806 470 2 861
806	400 740 152 240
807	90 740 176 741 347
810	154 3 617 33
811	400 90 740 100 415
812	400 236
815	400 226
816	869 575
823	365 900
824	220 0 700 33
825	892 590
829	700 840 32 741
830	400 137
831	520 33 33
832	156 3
834	400 158 690
838	861 3
840	861 3
841	700 32
842	90 740 176 741 347
843	400 740 681
844	156 3
845	156 3
846	156 3
847	156 3
848	590 32 645 3
850	156 3
851	156 3
852	156 3
853	156 3
854	156 3
855	156 3
856	156 3
857	156 3
858	156 3
859	156 3
860	156 3
861	156 3
862	400 740 817 276
863	400 892 831
867	700 33 711 335 575 413
869	400 151 142
870	156 3
871	740 32 25
876	520 33 33
878	156 3
880	90 740 176 741 347
882	90 740 176 741 347
884	90 740 176 741 347
885	740 840 13 745 31 370
886	90 740 176 741 347
890	700 34
892	740 416
894	740 920 318 700 692
895	700 34
897	869 60 1 820
901	158 221
902	690 590 32 220
904	690 590 32 220
905	400 740 717
907	712 840 400 740 440
913	520 220 415
916	700 33 711 335 575 413
917	400 520 400 352
920	520 233 240 220 32
921	400 740 61 140
922	158 3 494
923	400 740 388 717 705
927	400 236 220
929	740 400 142 61
930	740 790 32
932	90 326 700 920 125 1 55 920 140
937	740 482 240 2 861
938	740 690 435 255
939	740 904 233 240 798 60 692
943	740 540 2 817
945	526 550 233
951	390 4 2 817
1004	520 233 49 2 861
1007	740 100 692 491 2 817
1011	426 3 13 817
1017	220 33
1018	137 413
1020	740 405 590 32 900 3 806 235 220 32 2 690 921
1021	700 32
1023	700 745
1024	740 803 892 31 2 861
1032	220 33
1034	740 158 806 467
1052	400 740 817 491
1054	740 32 165 0
1057	740 390 590 240
1058	740 690 636 240
1060	804 235 2 817
1061	527 550 233
1062	820 595 575 692
1063	232 740 176 745 440 617
1064	740 585 17 2 611 615 703
1065	220 63 51
1066	920 706 193 384 32 920 140 902
1067	317 890 1 32 776 625
1068	920 440 692 1 542 250
1069	354 1 740 405 590 33 706 2 690 921
1070	220 17
1071	820 302 596 18 125 381
1073	740 690 435 255 803 220 240 235 2 817
1074	740 760 615 503 2 817
1075	740 772 240 60 415 56
1077	520 233 240 60 201
1080	740 176 690 435 255 220 32 806 60 550
1081	405 61 527 555 233 235 806 2 817
1082	740 920 320 233 806 2 405 321
1084	740 626 176 33 705 233
1085	740 900 3 806 33 705 235 55
1086	740 388 231 240 798 1 820
1087	154 806 468 1 740 877 760
1089	595 140 640
1092	740 923
1095	740 798 220 742 146
1096	740 531
1097	156 803
1098	740 390 590 231 240 235 745 60 920
1099	740 798 235 1 368 831 165
1101	740 380 235 2 817
1102	405 690 32
1103	520 33 706 235 798 803 2 31 892
1104	90 740 101 2 820
1105	740 920 320 235
1106	740 752 482
1107	430 3
1108	617 550 3
1109	740 406 590 741 406 125
1110	740 639 240 2 861
1112	520 33 706
1113	390 3 368 817
1114	390 4 2 861 125
1115	740 176 60 692
1116	159 57
1117	158 806 468 740 752 231 235
1118	740 910
1119	621 740 900 3 0 2 820
1120	740 690 435 255 1 60 201
1121	740 100 140 3
1122	740 100 717
1123	520 70 921 240
1124	740 32 28
1125	617 243 950
1126	592 31
1127	90 740 220 3 2 390 72
1128	740 61
1129	390 3 491
1130	390 16
1131	617 142
1132	2 610 125 32
1133	400 740 390 590
1134	740 100 240 235 741 175 132
1136	740 910
1137	595 820 100 415 741 315 850
1138	156 3
1139	390 17 2 220 455 741
1141	520 219 2 817
1142	520 460 31
1143	740 615 703
1144	740 32 840 820
1145	232 240 741 60 920
1146	521 368 280 192 440
1147	520 70 253 60 692
1148	156 176 518 220 416 2 615
1149	892 700
1151	368 740 870
1153	861 920 0 520 220 16
1154	400 565
1158	748 530 323 316
1161	740 760 440
1164	407 16 1 2 861
1166	556 60 550
1168	740 630 240 741 861
1169	159 97 0 520 33 705 0 740 717 220 415 806
1170	409 61 740 235 220 31 2 861 244 165
1171	409 32 845 33 705 231 806 2 595 812 125 717
1173	154 806 471 407 845 740 233 231 798
1174	740 554 220 415 798 60 692
1175	740 405 590 220 3 2 861
1176	740 773 231 806 2 861
1178	740 443 388 33 705 233 2 817
1179	740 388
1180	368 861 503
1181	740 384 32 2 817
1182	405 32 900 3 70 2 233 235
1183	740 267 811 832 60 692
1184	154 806 469 1 740 877 32
1185	203 892 193
1187	154 806 467 31
1188	740 840 13
1189	520 240 235
1190	405 61 33 706 794 630 220 2 820
1191	63 740 918
1192	407 17 60 193
1193	154 806 468
1194	64 706 140
1195	154 806 467 1 2 817
1196	740 176 1 367 861 216
1197	740 49
1198	154 615 503
1199	154 806 472 1 740 405 590
1201	400 154 806 468
1204	161 97 2 817
1206	740 176 798 231
1207	712 840 400 740 440
1208	400 740 17 503
1209	167 705 368 5 741 60 920
1210	740 821
1211	700 33 151 706 31 2 817
1212	400 740 717
1213	740 100 176
1214	151 390 590 741 330 368
1215	740 32 840
1216	400 202 892 220 920
1217	400 202 892 220 920
1218	617 142
1219	32 840
1220	400 740 460 495
1221	400 90 740 100 415
1222	400 158 806 470
1223	158 806 465
1224	740 798 460 354
1226	740 390 590 240
1228	142 33
1229	142 33
1234	400 740 220 415 798
1235	400 740 405 590 235 806
1236	740 48 741 850
1237	740 636 240 204 705 621
1239	400 158 806 472
1240	400 921 690 435 255 55
1242	400 740 898 617
1243	400 156 118
1244	400 520 400 352
1245	400 520 400 353
1246	400 137
1247	740 337 484
1248	740 337 484
1249	740 336 176
1250	415 35 171
1253	400 158 904 736
1254	400 158 904 736
1255	400 158 904 736
1256	400 740 892 617
1257	520 72 219
1258	520 220 240 2 820
1259	400 740 177 519
1260	400 740 176
1262	740 32 840 679
1263	740 636 240 60 692
1264	390 0 740 500 91
1265	740 904 32 233 803
1266	1 142
1268	400 520 233
1270	700 33
1271	400 804 0 233 240
1272	400 740 335 0
1273	400 740 920 320 233 240 798
1274	520 233
1276	400 740 100 240
1277	520 240 2 405 501
1278	520 240 2 405 501
1279	520 240 2 405 501
1280	520 240 2 405 501
1281	520 240 2 405 501
1282	520 240 2 405 501
1283	520 240 2 405 501
1284	520 240 2 405 501
1285	520 240 2 405 501
1286	520 240 2 405 501
1287	520 240 2 405 501
1288	520 240 2 405 501
1289	520 240 2 405 501
1290	520 240 2 405 501
1293	740 585 17 33 706 803 2 220 455 920
1294	740 482 55 220 415 798 803 742 617
1295	595 420 717 745
1296	740 585 17 240 2 305 32 904
1298	520 240 2 405 501
1299	520 240 2 405 501
1300	740 407 590 690 436 255 920 318 220 415 803
1301	740 407 590 690 436 255 920 318 220 415 803
1302	740 407 590 690 436 255 920 318 220 415 803
1303	740 407 590 690 436 255 920 318 220 415 803
1304	740 407 590 690 436 255 920 318 220 415 803
1305	740 407 590 690 436 255 920 318 220 415 803
1306	740 407 590 690 436 255 920 318 220 415 803
1308	400 90
1309	400 740 760 605
1310	156 3
1311	740 783 4
1312	740 783 4
1314	2 817
1315	2 817
1317	511 32
1318	400 740 575 17 920
1319	400 151 336 630 706
1320	400 740 636 240
1321	400 156 435 255
1322	400 740 776 495
1323	400 740 636 240 31 32 171
1324	400 760 740 220 416
1325	400 740 32 27
1326	740 32 59
1327	740 255 61
1328	740 32 840
1329	368 900
1330	400 740 176
1331	400 740 176
1332	740 231 3
1333	400 740 178
1334	400 740 176
1335	400 740 176
1336	400 740 176
1337	400 740 176
1338	400 740 176
1339	400 740 176
1341	520 220 415
1342	520 240 0
1343	740 690 630 240
1344	400 740 32 28
1345	740 100 240
1346	400 156 384 31
1348	740 840 13
1349	156 0 0
1350	400 741 717 235
1351	520 220
1353	400 892 829
1355	400 892 829
1356	390 34
1361	13 840 32 626 0
1362	400 740 336 176
1363	740 861 877
1364	526 550 220
1365	700 33
1366	520 220 415
1367	400 98
1369	740 690 639 240
1370	400 740 32 60 13
1371	400 740 176
1372	400 740 176
1373	400 740 176
1374	400 740 176
1375	400 740 176
1376	400 740 176
1378	526 550 220
1379	740 636 240 60 692
1380	740 0 0 0
1381	740 760 797
1382	565 741 263
1383	520 220 415
1385	154 3
1387	400 156 384 31
1388	368 33 705 31 741 390 741
1390	700 36
1391	700 33
1396	930 632 920
1397	930 632
1400	527 555 740 55 240 415 798 60 201
1401	520 33 706 231 806 2 817
1402	740 405 590 235 2 31 480 625
1404	740 31 504 235 60 920
1410	236 806 2 863
1412	390 3 2 817
1413	740 176 240 2 702 503
1414	368 840 830 2 861
1415	740 440 240 1 820
1416	161 233 220 32 741 831
1422	407 4 1 740 443 388 140
1423	679 740 240 60 550
1430	90 740 240 31
1431	740 337 484
1434	241 220 32 2 861
1436	740 585 798 2 861 216
1439	740 390 590 240 741 390 728
1440	740 100 240 741 702 900 3
1441	740 400 142 61
1442	740 266
1444	740 390 590 742 700
1445	520 33 705 2 172 32
1446	520 33 706 2 817 808
1447	740 798 3 2 416
1448	368 861 575
1449	527 555 231 2 817
1456	740 900 3 2 940 705
1457	740 760 840 13
1459	740 585 900 2 2 820
1460	861 576 545
1461	740 900 482 484 900
1462	740 416
1465	138 1 595 752 455
1466	740 770 235 2 817
1467	740 405 590 790
1471	740 32 840 233 60 550
1478	156 3
1479	520 233 803 2 817
1480	90 740 220 32
1481	520 175
1483	527 140
1484	294 350 595 820 2 820
1487	740 390 590 60 795
1488	390 871
1489	740 900 5
1490	111 833 528
1491	151 220 16 2 820
1492	740 798 460 350 741 590 32
1493	156 31
1495	407 4
1496	740 904 33 741 700
1497	740 61
1501	520 400 350 31
1510	520 33 706 31
1518	90 740 35 171 61
1530	740 269 511 60 690
1532	400 137
1533	740 877 32
1534	740 900 5 33
1535	400 221 31 741
1536	740 575 17 220 415 803
1539	390 3
1540	740 390 590 70 32 2 861
1543	2 368 260
1544	740 717 233 220 32
1548	530 0 140 220
1551	527 550 2 125 590
1552	740 892 590 893 1 615
1557	1 304 354 125 812 33
1560	595 632 740 550
1564	520 33 705 233 240 806 2 820
1569	405 61 740 806
1574	407 845 140 740 233 240 798 365 263
1575	520 95 33 706 240 798
1576	740 590 17
1580	407 4 60 692
1581	740 7 503 626 484
1583	790 740
1584	740 220 32
1585	154 806 468
1586	565 806
1587	527 554 104
1588	154 806 468
1594	140 820
1599	740 390 590 235 368 806
1600	740 390 590 235 368 806
1601	740 176
1602	740 904 240 2 817
1603	400 520 233
1604	740 176 798 231
1605	740 176 798 231
1607	137 2 820
1608	435 255 55
1610	712 840 400 740 440
1611	700 33 137 2 820
1614	400 740 16 503
1615	400 740 16 503
1619	526 550 60 820
1620	705 904
1621	1 480 165 900
1622	405 4 2 861
1623	740 794
1625	740 32 840
1626	158 806 465
1628	158 806 465
1630	740 798 460 15
1631	740 798 460 354
1633	740 390 590 240
1636	400 740 100 176 175
1637	740 752 482 240
1639	482 240
1641	400 740 220 415 798
1643	400 740 405 590 235 806
1644	400 740 405 590 235 806
1645	400 740 405 590 235 806
1646	400 740 405 590 235 806
1647	400 740 405 590 235 806
1649	407 5 741 500 561
1650	740 100 440
1651	740 100 440
1653	400 154 440 220
1658	65 826
1659	400 740 220 415 798
1660	400 740 33 705 233 235 0
1662	151 840 416
1663	32 257 840
1665	740 798 803 2 390 530 741
1666	700 33 711 335 575 413
1667	740 803 741 31 32 716
1668	390 4 104
1669	390 4 817
1670	0 0 740 233 240
1671	740 400 142 61
1672	740 904 240
1674	400 740 690 0
1676	740 255 0
1677	520 220 415
1678	400 740 176 700 33
1679	740 255 0
1680	400 520 220 16
1681	400 740 384 33
1683	400 154 896
1684	400 154 896
1685	400 232 235
1686	442 0 220 0
1687	455 370
1689	158 792
1690	32 820 100 415
1691	740 337 692 490
1692	415 35 171
1693	400 740 337 0
1695	740 176 220 235
1696	740 176 220 235
1697	740 176 220 235
1699	400 158 904 736
1700	317 740 335 740 176 2 920 491
1701	368 35
1702	400 892 0
1703	400 820 100 415
1704	520 72 219
1705	400 740 390 590
1706	400 740 336 18
1707	740 336 18
1708	520 240
1710	740 636 240 1 692
1711	740 636 240 1 692
1712	740 636 240 60 692
1715	740 32 840
1716	0 0 0
1717	137 2 820
1719	526 554 2 820
1720	400 740 690 436 255
1724	740 615 495 2 817
1725	400 140
1727	400 740 790
1728	400 740 861
1729	400 527 195
1732	400 740 100 31 705
1734	740 100 0 0
1735	400 740 892 617
1736	400 740 892 617
1738	740 760 268 233 220
1739	740 177 231
1740	400 740 335 3
1741	740 390 590 235
1742	520 240 2 405 501
1743	520 240 2 405 501
1744	520 240 2 405 501
1745	520 240 2 405 501
1746	520 240 2 405 501
1747	520 240 2 405 501
1748	520 240 2 405 501
1749	520 240 2 405 501
1750	520 240 2 405 501
1751	520 240 2 405 501
1752	520 240 2 405 501
1753	520 240 2 405 501
1754	740 407 590 690 436 255 920 318 220 415 803
1755	740 407 590 690 436 255 920 318 220 415 803
1756	740 407 590 690 436 255 920 318 220 415 803
1758	400 740 840 13
1759	200 705 380
1762	400 740 760 605
1763	400 740 760 605
1764	400 740 760 605
1765	400 740 760 605
1769	2 817
1770	400 234
1771	400 226
1772	0 711 335 575 413
1773	400 740 590 17 0
1774	400 740 336 176
1775	400 740 337
1776	700 125
1778	868 705 590
1779	868 706 590
1781	400 520 231 240
1782	400 740 817 491
1785	740 760 240
1786	740 32 840 2
1787	400 740 636 240 31 32 171
1788	151 229
1792	2 861 416
1793	400 740 760 220 416
1794	415 33 0
1796	400 740 32 59
1797	400 740 32 27
1798	400 740 32 0
1799	740 636 240
1801	740 255 61
1802	520 31
1803	520 31
1804	740 840 13
1805	740 840 13
1806	400 740 840 0 220
1807	368 900
1808	368 900
1809	368 900
1810	740 900 4
1811	0 0 0
1813	400 740 176
1814	400 740 176
1815	400 740 176
1816	400 740 176
1818	520 220 415
1819	520 220 415
1821	520 220 415
1822	520 220 16
1823	400 158 592
1824	400 158 592
1825	400 234
1826	400 234
1827	400 236
1828	700 33
1829	151 229
1830	710 0 220 32
1831	700 33
1832	740 564
1833	0 550 556
1834	90 740 235 240
1836	400 740 178
1837	400 740 176
1838	0 740 176
1839	400 740 176
1840	740 176
1842	740 690 636 240
1843	740 690 636 240
1844	400 740 32 28
1845	526 550 233
1846	740 0 0
1852	740 760 382
1853	400 137
1855	400 740 176
1856	400 740 176
1858	740 388 31
1859	400 740 637 240
1861	156 435 255
1863	400 740 176
1864	400 740 636 240 31 32 171
1874	740 407 590
1875	740 803 233 2 817
1876	400 740 776 495
1877	31 504 632 32
1879	36 269 140 2 741 60 920
1880	520 233 240 803 741 125
1882	740 100 176 838 1 220 455 530 741
1884	70 740 220 3 900
1885	740 690 435 255 2 368 861 590 32 368
1886	740 717 415 836 900
1888	740 585 17 741 630
1890	871 947 0 400 740 543 350 895 785 220 335
1891	90 740 240 0 60 820
1892	740 531
1894	405 5
1895	151 216
1896	866 151 33 33
1897	740 441 2 820 33
1898	740 760 93 2 252 575
1899	520 231 2 220 65 132 82
1901	2 817
1902	440 411 740 335 2 285 491
1906	226 2 861
1907	590 390
1908	760 31 2 861 791 440 717
1912	151 17 3
1913	390 4
1914	250 255
1919	740 165 60 550
1920	15 13 31 892
1922	740 690
1923	740 176 233 803
1926	700 32
1927	892 890 417 2 56 91
1928	892 890 417 2 56 91
1929	892 890 417 2 56 91
1930	892 890 417 2 56 91
1931	892 890 417 2 56 91
1932	892 890 417 2 56 91
1933	892 890 417 2 56 91
1935	740 817 390 2 820
1938	390 3 2 861
1940	520 33 2 861
1945	32
1951	405 3
1957	740 180
1964	390 832 3
1967	520 231
1968	215 1 480 306 813 33 60 413 346 706
1969	740 575 17
1971	740 390 590 220 3 60 840 416
1981	740 760 615 104 717 235 2 392 590 125
1984	527 550 233 2 812 95
1986	90 740 100 233 2 575 31
1988	526 555 235
1990	590 705 435 255 778 2 817
1994	154 4
1996	415 31 2 820
1998	390 4 491
1999	156 142 60 820
2000	740 840 13
2001	740 482 235
2003	740 798 240 60 111 166
2005	740 406 590 741 60 920
2006	390 3 480 368 861
2008	740 176 233
2009	422 3 1 60 65 405 720
2010	104 892 390 406
2011	151 100 220
2012	520 315 2 861 626
2013	90 740 233 2 817
2014	156 3
2015	151 590 390
2016	411 440 236 220 741 634
2017	527 388 233 740 176 2 861 392
2018	409 190 2 798 55
2019	865 685 0 226 32 741 390
2020	527 555 231 235
2021	527 550
2022	740 176 233
2023	740 912
2025	740 550
2026	740 32 840
2027	740 861 140
2036	806 231 2 221
2037	740 806 240 2 820
2041	740 32 840 233 220 32 60 825 2
2042	405 5 1 63 615 262
2043	527 555 235 2 861
2044	423 3 60 407 140
2046	520 70 255 832 2 817
2051	409 15
2052	520 220 415 519
2053	390 700 790 32 63
2054	154 5
2060	740 904 240 235
2061	740 760 605 2 540 590
2063	740 407 590 904 220 32 803 60 920
2064	575 705 56 31
2066	140 32
2067	527 550 740 443 60 820
2068	90 740 220 55 1 741 500 705
2069	90 740 220 55 1 741 500 705
2070	90 740 220 55 1 741 500 705
2071	90 740 220 55 1 741 500 705
2072	90 740 220 55 1 741 500 705
2073	236 2 861
2074	236 2 861
2077	520 233 220 240 2 617
2084	140 15 1 31 692
2085	740 388 220 4 60 920
2087	390 415 2 550
2088	520 33 705
2093	740 48 2 817
2094	740 48 2 817
2095	740 48 2 817
2096	740 48 2 817
2097	740 48 2 817
2098	740 48 2 817
2099	740 48 2 817
2100	740 48 2 817
2101	740 48 2 817
2102	740 48 2 817
2112	880
2117	0 0 32 0
2125	90 740 220 55 1 741 500 705
2126	740 482 2 820
2134	317 590 111
2135	233 226 32 60 220 575
2136	100 31 2 861
2149	156 31 240
2153	831 413 840 91
2155	740 5
2158	741 32 0 31 46
2159	35 171
2161	742 406 0 740 482 235 1 480
2162	740 142 480
2176	679 740 575 17 798
2177	390 4
2178	520 33 705 220 415 2 861
2179	151 176 2 861
2180	740 840 416 240 741 500 91
2181	527 550 235
2182	740 760 240 0 740 952 740
2183	527 388
2184	400 703 617
2185	565 740 235
2188	506 2 817
2189	407 845 233 806
2191	390 3
2192	740 440 741 60 920
2193	740 32 845 240 2 269 892 810 33
2194	740 798 235
2195	220 455 125 31
2196	679 60 550
2197	90 740 101 908 545
2199	161 924 146
2200	740 831 820 705
2204	617 142 2 817
2205	407 3
2206	153 803 595
2209	158 32
2210	400 740 760 435 690
2212	817 740 194 0 740 760 1 741 390 32
2213	368 1 550 0 740 543 350 2 820
2215	740 821
2218	155 806 467 1 692
2219	740 100 176 741 617
2220	621 390 844 2 820
2221	368 501 706 0 821 1 480 850 595 391
2222	401 698
2223	154 806 468
2224	740 760 70 255 832 240 2 595 504 803
2225	740 760 440 90 853 16
2226	390 600 617 2 190 125 632 32
2227	740 752 1 595 204 920
2228	390 3 2 861
2229	740 760 72 921 32 2 820
2230	64 840 140 740 176
2231	125 435 255 2 286 220 31 12 31 455 33 590
2232	740 604 142 2 518
2233	400 892 81 518 1 31 250
2234	740 900 790 220 415 798 806
2235	35 171
2236	520 382 32 2 820 1 440 12
2240	90 740 222 231 2 861 683
2241	390 844
2242	740 191
2243	527 555 2 817
2244	400 390 844
2246	740 630
2248	400 804 233
2249	740 42 741 60 920
2250	400 130 746
2251	740 760 605 2 861
2252	617 142
2253	527 550
2254	151 240 235 741 892
2255	215 31 480 140 632 705 2 93 33
2256	740 760 519 240 2 861
2259	740 176
2261	740 42 2 820
2262	520 233
2263	740 176 2 817
2264	161 803
2265	520 220 240 741 440
2266	740 798 235
2267	32 29
2268	621 520 220 2 817
2270	740 773 233 803 2 320 705 125
2271	405 371 31
2272	740 760 17 503 368 817
2273	151 97
2275	740 752 615 503
2276	740 615 495 240 2 861
2277	740 760 440 240 220 2 861
2278	64 31 400 521 2 820
2280	427 3 1 165 309
2282	740 636 240 66 556
2283	90 740 100 415 240 2 817
2285	740 923 240 235 60 820
2288	400 158 3
2290	740 760 268 2 840 32
2291	390 844 741 31 371
2292	740 803 220 32 220 2 820
2293	740 455 240 235 60 820
2294	400 527 555 233 235
2296	740 760 49 2 817
2297	740 400 142 61 2 798 435 255 705
2299	740 585 17 2 817
2302	592 31
2304	820 590
2305	156 142
2306	740 100 415
2307	156 3
2308	740 752 615 503
2309	740 923 806
2310	740 100 140 3 2 156 920
2312	520 240 741 590 575
2313	416 1 565 740 220 32 2 856
2314	400 740 17 503 240
2316	740 838 741 390 900 140
2317	617 142 746 140
2318	2 861 96
2319	520 175
2320	740 615 503
2321	645 202 1 820
2322	740 690 60 550
2323	740 176 2 861
2324	740 585 17
2325	156 31
2327	740 405 590
2328	151 97
2329	31 32 171 745
2332	565 31 416 140 220 1
2335	791 575 413 0 740 222 176 60 920
2336	865 32 0 226 32 700 605
2337	151 55 240 235
2338	390 920 322 803 2 820
2339	504 350 240 741 60 920
2340	892 590
2342	520 70 219 2 861 32 520 919 140
2343	592 741 60 920
2344	151 390 590 741 60 920
2345	740 798 231 60 820
2346	617 243 31 700 861
2347	740 388 235
2348	740 772 240
2349	226 32 60 891
2350	924 132 2 861
2351	407 5
2352	360 268 252 326
2353	390 16
2354	740 176 390 90 390
2355	390 920 323
2356	400 740 176 140
2359	527 555 33 706 235 2 817
2363	740 615 703
2364	740 927 33 817
2365	740 100 240 31
2366	740 455 2 368 260
2367	167 705
2368	821 1 480 850 595 391
2372	151 61
2373	740 337 484 31 60 891
2375	740 32 840 2 768
2377	740 760 1 220 415 798 803
2378	820 297 861
2380	90 740 240 235 590 645 104
2381	740 904 220 32 2 142
2382	740 690 60 550
2385	740 923 33 705 60 692
2386	390 3 2 820
2388	740 637 240 2 861
2389	520 72 233 740 798 2 861 832
2390	298 350 761 32 60 572
2391	151 219
2393	368 821 55 31 2 31 892
2394	400 740 585 838 240
2398	90 740 35 171 61 31 2 69
2401	740 717 220 415
2402	151 61 0 156 2 252 692
2403	520 70 220 32 240 838 741 958 220 278
2405	790 0 400 296 350 892 632 32
2406	740 460 503
2407	156 3 877
2408	390 3
2409	621 390 531 2 820
2410	740 690 435 255 240 741 906
2411	400 740 100 140 3
2413	740 32 840 740 455 861
2414	520 240 31 1 740 121
2417	161 55 240 220 32 2 820
2418	390 4 2 817
2420	520 220 415 240
2422	740 407 590 31 752 33 705 220 415 798 2 861
2423	241 832 740 176
2426	520 233
2427	740 798 220 60 820
2428	226 240 235 60 692
2429	390 4 741 617
2431	817 900 241 368 260
2432	527 550 798 220
2434	740 639 240
2435	740 388 2 820
2436	740 760 335 803
2437	527 555
2439	740 83 235 240
2440	740 61 877
2441	520 220 3
2442	740 384 741 859
2443	154 806 474 1 2 820
2445	405 61 33 705 236
2448	740 390 590 32 60 201
2449	900 4
2450	390 4 2 861
2451	520 400 350 31 741 762
2452	740 840 13
2453	390 4 2 817
2454	390 4 260
2455	165 741 31 60 692
2457	740 760 19 2 817
2458	740 752 615 503
2460	740 460 510
2461	32 820 140 5
2462	740 49
2463	450 617 33 0 740 460 510 741 252 791
2464	740 100 415 176 2 820
2465	749 479
2466	740 717
2467	400 740 840 13 240
2468	400 520 233 803
2470	740 455 235 798 742 460 353
2471	740 861 125
2472	390 5
2473	520 33 705 233 240 2 610 125 32
2474	400 740 840 13 240
2475	740 760 260 0 220 255 220 63 315
2476	740 803 235
2478	520 33 705 233 235 60 820
2479	740 840 13
2480	100 904 717 220 415 806 742
2481	407 63 845 240 798
2482	390 5 2 455 511
2484	679 740 233 240
2485	520 220 368 817
2486	740 32 840 33 705 798
2487	740 255
2488	1 740 923 33 705
2489	740 390 590 2 817
2490	740 690 435 255 220 32 2 717 820
2493	740 100 1 440 742 60 920
2495	740 645 3 741 70 255
2498	740 760
2499	740 17 503
2506	520 220 240 803 2 820
2507	740 460 510 220 65 393
2509	390 15 2 861
2511	740 32 840
2512	520 72 921
2513	520 220 803 741 262
2514	740 803
2516	520 220 3 741 60 920
2517	400 125 745
2520	740 752 615 503
2521	906 200 0 740 100 415 33 702
2522	740 615 503
2523	407 585 33 705 233 235 806
2524	151 97 232 416
2525	740 752
2527	151 97 700 34
2528	406 72 2 817
2530	527 556
2531	1 368 861 255 371
2532	717 32 521
2533	298 465 33 705 231 2 564 617 33
2534	740 773 240 235 60 692
2535	820 880 65 244
2536	407 845 140 740 101 923 240 2 861
2537	706 140 632
2538	31 311 745
2539	405 61 70 32 33 706 235 806 2 267 455
2540	740 390 590 233 2 368 202 892 371
2541	368 304 125
2542	740 776 503 2 817
2543	90 740 176 2 861
2544	820 130 35 171
2545	390 16 2 814 560
2546	932 740 55
2548	390 5 2 861 36 460 513
2549	350 1 740 362 692 32 2 861
2551	842 871 192 368 0 740 482 60 692 520 220 235 1 920
2552	90 740 240 235 2 906 140
2553	617 243 706 595
2554	90 740 531 60 692
2556	892 374 740 760 840 416 2 861
2557	740 55 240 235 806 2 220 455 503
2558	740 752 17 503 240 235 806
2559	740 269 511 233 60 820
2560	390 3 2 817
2561	740 32 923 382 233 2 112
2562	740 336 176 2 405 372 374
2563	740 390 590 233 231 2 107
2564	740 794 630 220 32 2 368 906 329
2565	520 220 415
2566	740 690 435 255 220 32 240 235 2 390 125 632 32
2568	391 2 527 475 5
2569	740 636 240 233 235 2 405 125 820
2570	527 550 240 2 817
2571	740 798 231 2 55 373
2572	740 760 33 705 803 2 920 317
2573	617 831 2 1 302 840 32
2574	740 798 240 235 2 220 65 215
2575	740 760 235 2 861
2576	390 820 460 60 368 920
2577	527 550 240 220 32 2 300 350 600 190
2578	740 585 17 33 705 240 798 2 820
2579	740 798 460 350 235 741 390 140
2580	740 904 32 220 415 235 803 2 504 717
2581	90 740 220 16 2 297 190 900 140
2582	236 240 33 705 798 2 820
2584	740 877 32 235 60 550 611 840
2585	226 32 231 798 2 693
2586	740 460 503 2 817
2587	368 3 742 60 920
2591	526 555 60 550
2592	520 33 706 60 220 4
2593	520 220 31 1 706 575
2595	457 0 740 165 900 60 111 575
2596	690 518 0 90 740 176 742 60 920
2597	740 803 231 60 692
2598	226 32 2 390 692
2599	151 279 142 2 390 95
2600	740 255 705 140 3 2 861
2601	400 520 897
2602	595 575 704 140
2603	520 220 4 2 817
2604	832 390 803 2 861
2605	740 344 32 545
2606	688 0 740 100 240 233 2 861
2607	156 3 60 368 817
2608	527 555 240 2 617 70
2609	740 222 2 207 550 390
2610	390 18 796
2611	740 765 240 1 368 920
2612	520 233 741 81 272
2613	520 33 705 231 2 820 700
2614	400 890 104
2615	527 388 233
2616	740 794 734 32 235
2617	740 840 13 31 2 817
2618	740 100 798 220 32 2 861 255 416
2619	740 798 460 350 2 814 84
2620	156 3 240 741 345
2621	740 390 590 220 3
2622	390 3 2 111 165
2623	156 4
2624	156 435 255
2625	740 585 17 900
2626	740 215 2 368 119
2627	90 740 255 705 2 861
2628	390 503 740 168 2 817
2629	154 3 900 545
2630	390 4 2 820
2631	90 740 220 235 853
2634	740 565 233 2 940 260
2635	413 820 220 65 798 550 820
2636	740 879 220 415 2 287 140
2638	740 920 320 233 1 821
2639	740 760 220 16 382 741 572 684
2640	740 32 840 741 60 920
2641	740 760 440 2 297 416
2642	390 844 140 176 803 2 301 190
2643	740 100 176 840 13 2 817
2644	520 33 705 220 803 55 2 820
2645	740 772 33 705 233 803 2 861
2646	151 337 484 2 390 125 632 32 900 563
2647	858 0 740 100 585 741 840 346
2648	740 900 790 233 798
2649	520 33 705
2650	400 93 368 72
2651	740 923 220 32
2653	520 552 60 692
2654	565 740 220 741 176
2655	740 923 803 741 500 705
2656	520 233 240 235 741 360
2657	740 94 220 32 2 144
2658	740 390 590 741 390 790
2659	156 3 545
2660	527 550 240 220 255 812 906 388
2661	872 32 692
2662	520 33 705 31
2663	90 740 220 16 31 908 545
2665	740 900 5
2666	33 832 236 741 361
2667	740 336 2 220 65 440 455
2669	136 140 2 861
2670	740 205 32 2 252 840
2671	740 100 415 240 2 817
2672	740 400 142 880
2673	740 255 920 60 692
2674	226 803 2 220 455 520
2675	740 817 556
2676	740 760 440 60 550
2677	740 832
2678	220 65 864
2679	740 772 2 861
2680	269 130 190
2681	621 0 520 220 415 2 257 898
2682	740 176 31
2683	740 900 790 233 798 1 820
2684	390 16 60 550
2685	740 48 741 250 579
2686	151 243 31 2 820 741
2687	617 122 3
2688	740 760 840 552 3
2689	520 220 415 60 820
2690	740 142 61 2 817
2691	390 844 240 806 2 861
2695	740 923 406 61 70 32 741 861
2696	407 61 740 923 233 806 60 692
2697	405 18 1 220 786 850
2698	740 388 900 320 806
2699	740 923 220 32 2 820
2701	740 690
2702	390 3 2 803
2704	390 16
2705	390 3
2706	740 621
2707	520 175 2 295 502
2708	520 233 60 297
2709	90 740 101 853
2710	520 220
2711	520 240
2712	156 5
2713	156 31
2714	436 740 176
2715	156 843
2716	90 125
2717	700 521 702
2718	156 5
2719	90 740 900 5
2720	298 350 590 32 900 853
2721	861 495 368 836 741
2722	161 97
2723	740 760 840 552 2 817
2724	90 740 100 415 240 2 861
2725	740 222 2 820
2726	151 61
2727	400 241 31 60 820
2728	740 390 590 741 81 220
2729	740 61 2 817
2730	832 904 1 820
2731	892 831
2732	520 240
2733	151 740 231
2734	368 861 903
2735	90 740 100 220 2 31 165
2736	413 33 0 740 388
2737	740 384 2 390 346
2738	400 267 820
2739	151 33
2740	151 717
2741	740 877 32 233
2742	400 220 428
2743	527 456
2745	740 760 335 220 32 2 820
2746	244 277 255
2747	740 705
2748	405 5
2749	241 2 880
2750	740 368 278 61
2752	740 636 240
2753	156 31
2754	90 740 176 233
2755	400 740 100 415
2756	236 2 390 707
2757	842 535 99 4 0 740 483 60 692 520 220 235 1 920
2759	520 33 706 240 233 803
2761	740 803 233
2762	740 760 921 235 2 112
2763	520 240 220 32 2 861 603
2764	90 740 32 840 741 572 683
2765	740 721 2 301 350
2766	892 590 894 140 545
2768	740 760 70 921 460 503 2 817
2769	740 503 235 233 2 817
2770	390 17 741 60 920
2771	740 100 415 2 705 590
2772	140 165 740 176 220 803
2773	804 233 231
2774	390 3 2 125 350
2775	400 150 617 55 1 150 243
2776	527 550 803 2 368 518
2777	435 255 390 5
2778	740 879 233
2779	930 0 804 220 60 550
2780	600 740 60 920
2781	384 575 0 892 706 717 2 861
2782	520 231 2 817
2783	90 740 220 14 2 820
2784	740 61 1 694
2786	90 740 400 350 31 545
2787	740 519
2788	90 740 35 171 61
2789	565 740 798 235 233 1 2 269 632
2790	740 630 155 2 679
2791	215 1 480 90 820
2792	740 615 495
2793	2 818
2795	740 760 264 231 742 315 32
2796	90 740 760 717 853
2797	520 33 705 176
2799	621 390 4 2 817
2801	740 482 240 2 944 920 140
2802	740 460 510 250 853
2803	156 142 368 817
2804	390 18
2806	504 350 240 2 861
2807	740 255 705
2808	820 0 90 740 176 741 65 123
2809	740 176 240 2 817
2810	400 345 279
2811	740 890 692
2812	390 3 60 920
2813	151 416 741 849
2814	740 220 3
2815	621 0 90 740 2 861
2816	621 520 220 60 880
2817	90 740 240 575 703 60
2819	740 390 590 1 0 60 820
2820	740 176
2821	520 231 235
2822	520 33 705 60 820
2823	90 740 220 742 534 550 90
2825	621 740 798 838 741 92 850
2826	740 904 32 60 550
2827	520 220 2 727 317
2828	224 740 61 2 824
2829	621 0 740 482 1 550
2830	401 2 368 165
2832	953 817 390 125 308 809 33 0 740 760 706 466 0 520 231 240 235 2 820
2833	390 34 2 374 228 741
2834	367 390 710 2 861
2835	255 60 692 401 920
2836	31 575
2837	740 812 33 240 220 32
2838	740 176 741 390 125
2839	617 831
2840	740 61 60 820
2841	520 220 415 235
2842	740 215
2843	241 803 2 850 491
2844	740 904 235 741 60 920
2845	740 519 2 861
2846	157 142
2847	2 861 698
2848	156 176
2850	740 729 407 845 236 2 906 125
2851	740 877 32 33 705 231 235 2 861 360 520 919 140
2852	400 595 420 125 32 820 920 140
2853	740 100 806 472 240 806 1 820
2854	3 1 520 240 806 2 502 31
2855	740 405 590 220 235 803 2 388 385 705 632
2856	90 740 717 770 235
2857	820 64 104
2858	740 7 503 2 817
2859	740 100 415 745 60 920
2860	740 354 2 817
2861	527 550 33 705 220 415 60 550
2862	423 3 263 104 745 55
2865	740 690 435 255 240 220 415 806 742 60 920
2866	832 904 740 444 388 233 798 806
2867	617 142 384 32 154 806 467
2868	740 338 605 176 1 820
2870	740 900 3 615 503
2871	740 100 233 220 32 2 820
2872	740 100 176 2 861 533 717
2873	740 690 435 255 240 235
2874	407 5 1 746 740 590
2875	154 798 460 353
2876	137 3 1 740 920 322
2877	740 55 220 32 798 2 820
2878	617 142
2879	617 145
2880	740 900 3 803 2 820
2881	407 4 2 820
2882	405 4 1 137
2883	226 32 798 742 60 920
2884	740 519
2885	740 861 383 31
2886	250 605 626 60 820
2887	405 845 686 740 793 3 233 805 2 861 533 717
2888	740 405 590 220 32 806
2889	679 740 575 17 240 806 2 540
2890	740 752 1 33 706
2891	520 220 415 798
2892	204 630 233 832 904 794 630 235 60 550
2893	740 752 55 233
2894	740 920 323
2895	740 55 33 706 235
2896	617 142 1 2 820
2897	617 550 3
2898	494 615 179 100 1 33 426
2899	407 63 520 95
2900	405 5
2901	740 923 240 235 806
2903	740 923 235 742 380
2904	407 61 2 817
2905	45 740 806
2907	390 840 233 240 744 33 272
2908	31 625 140 220 415
2911	256 832
2912	324 255 1 405 16
2914	405 4 747
2918	740 792
2921	740 100 415 741 60 920
2923	156 3
2925	740 390 590 33 705
2926	740 390 590 33 705
2929	740 390 590 2 820
2930	740 100
2931	740 176 235
2934	167 706
2938	740 32 840 220 2 861
2940	740 690 435 255
2942	621 740 514
2944	740 630
2945	740 630
2946	740 630
2948	740 630
2949	90 740 240 235 590 645 104
2950	90 740 240 235 590 645 104
2951	90 740 240 235 590 645 104
2952	90 740 240 235 590 645 104
2953	400 740 220 415 798
2954	400 740 220 415 798
2956	740 100 415 191 2 817
2957	400 740 405 590 235 806
2958	740 100 220
2960	617 142
2962	400 97 700 4
2963	400 97 700 4
2964	400 97 700 4
2965	103 740 803 60 540
2966	400 740 803
2971	617 55 435 255 400 136 140
2972	850 140 803 2 840 16
2973	850 140 803 2 840 16
2975	390 697 151 740 176 798 838
2976	740 100 415 904 17 32 820 740 904 741
2978	740 690 60 550
2980	740 176 233 806
2981	740 384 233 806
2983	407 845 220 415
2984	407 845 220 415
2985	165 900 790
2986	165 900 790
2987	740 176 220 32
2988	740 176 220 32
2989	706 5
2990	706 5
2991	706 5
2992	341
2993	341
2994	617 142 1 595 95 760 744
2995	617 142 1 595 95 760 744
2997	595 343 615
2998	407 71 32
2999	407 71 32
3000	423 3 1 900 740 690 435 255
3001	1 740 923 33 706
3002	1 740 923 33 706
3003	1 740 923 33 706
3004	1 740 923 33 706
3006	407 321 407 845 33 705 235
3007	407 321 407 845 33 705 235
3008	407 321 407 845 33 705 235
3009	407 321 407 845 33 705 235
3010	407 321 407 845 33 705 235
3011	407 321 407 845 33 705 235
3013	407 321 407 845 33 705 235
3014	407 321 407 845 33 705 235
3015	790 740 100 176 421 3
3016	790 740 100 176 421 3
3017	790 740 100 176 421 3
3019	407 32 520 95 585 17 231
3020	407 32 520 95 585 17 231
3021	407 32 520 95 585 17 231
3022	740 100 233 3
3023	740 752 615 503
3024	740 752 615 503
3025	740 752 615 503
3026	740 752 615 503
3027	740 752 615 503
3028	740 752 615 503
3029	740 752 615 503
3030	740 752 615 503
3031	740 752 615 503
3032	740 752 615 503
3033	740 752 615 503
3034	740 752 615 503
3035	740 752 615 503
3036	740 752 615 503
3037	740 752 615 503
3038	407 61 845 240 798
3039	407 61 845 240 798
3040	407 61 845 240 798
3041	740 773 220 32
3042	740 222 233 235
3043	740 222 233 235 0 617 142 1 368 861
3044	740 222 233 235
3045	617 142 597 32 905
3046	617 142 597 32 905
3047	617 142 597 32 905 0 407 4 2 365 460 495
3048	740 388 585 17
3050	740 388 585 17
3051	740 388 585 17
3052	740 900 850 407 61 845 806
3053	740 900 850 407 61 845 806
3054	740 900 850 407 61 845 806
3055	740 900 850 407 61 845 806
3056	740 900 850 407 61 845 806
3057	740 900 850 407 61 845 806
3059	749
3063	781
3064	777
3065	777
3071	840 32
3074	740 760 175 176 220 415 798 2 299 530 820
3075	190 125 575
3077	842 374 125 0 740 803 60 692 740 690 435 255 60 692
3078	617 243 741 615 440 220
3079	740 560 233 2 291 690 564
3080	679 740 176 240 798 2 861
3081	520 33 706 240 220 32 368 263
3084	679 740 220 415 1 820 812 820 140 820
3087	740 482 55 240 235 745 740 590
3088	226 415 2 190 751
3089	740 585 17 740 240 2 817 90 370
3091	740 100 235 233 741 60 920
3092	90 740 100 220 32 741 361
3093	820 571
3094	520 220 415 519 2 817
3095	740 717 220 240 2 820
3096	679 740 235 2 861
3097	740 717 233 2 220 880 689
3098	520 240
3100	740 798 220 415 741 72
3101	390 704 1 820
3103	151 62 820 500 706
3104	871 740 637 0 740 798 460 350 2 374 575
3105	740 440 231 60 692
3109	154 31 1 520 33 705
3110	740 690 435 255 240 235 745 60 920
3111	740 405 590 235
3112	405 17
3113	520 33 706 220 415
3114	740 388 807 33 706 233 235 168 32
3115	740 923 70 32 33 706 231 242 2 861 901
3116	740 752 6 503 236 806 2 31 502
3118	520 70 255 832 220 3 853
3119	740 798 231 2 298 460 32
3122	520 235 806
3126	740 100 415 2 130 35 171
3127	740 760 820 368 263
3131	400 131
3132	740 772 240 803
3133	740 773 240 2 861 31
3134	740 61 2 390 140
3135	400 390 4
3137	390 3 2 861
3138	226 803 717 2 764
3139	740 585 17 33 705 233 798 803 2 861 603
3142	740 142 61 2 861
3146	740 585 240 220 32 2 817
3147	740 460 510 235 220 32 2 861
3148	390 721 790 2 861
3149	90 740 220 3 741 252 530
3150	31 850 140 236 220 32 803 2 820
3151	740 100 415 2 820
3152	740 575 17 2 820
3153	234 415
3154	740 384 90 351 741 33 272
3155	151 220
3156	520 400 350 2 817
3157	151 740 760 220 0 892 590 850 32
3158	33 33 368 390 590
3159	740 760 235 2 390 125 195
3163	90 740 100 415 2 31 350 550 692
3164	226 491 742 705 575
3165	151 416
3166	90 850 32 60 573
3168	307 350 617 741
3169	740 440 220 32 741 390 590 32
3171	828 0 400 798 243
3172	408 4
3173	740 773 60 820
3176	520 33 706 806
3177	740 760 705 742 60 920
3178	740 337 484 741 60 920
3179	740 100 176 2 812 31
3180	520 33 705 233 235 808
3181	740 760 1 240 742 530 786
3182	520 240 806
3185	226 140 2
3190	740 32 840 585 17 2 817
3191	173 520 235 60 550
3193	520 70 921
3194	740 773 156 2 820
3195	520 33 706 2 861
3196	740 912 1 740 621
3197	151 61 2 861
3198	368 390 710
3199	740 255 705 2 861
3200	740 798 233 741 175
3202	740 482 235 2 824
3206	679 740 575 17 2 817
3207	740 388 235 240 798 2 861
3208	804 231 2 861
3209	156 260 2 817
3210	368 140 706
3212	585 831 91
3214	234 803 741 82 350
3216	106 741 500 209
3217	390 5 2 817
3219	520 235 803 1 368 861
3222	520 460 495 2 595 906
3223	740 731
3224	226 32 803
3225	740 58
3226	161 390 590 2 861
3227	740 176 33 705 240 235 803
3228	520 70 233 798 2 861
3229	740 690 435 255 2 817
3230	520 382 878
3232	520 233 240 803 2 817
3235	390 16
3236	740 61 2 817
3237	368 390 831
3240	590 165 32 840
3242	400 97
3244	740 337 176
3245	527 550 740 240 2 808
3246	151 390 590 900 2 861
3248	400 368 55
3249	740 142 61 31 741 125 575
3250	156 3
3251	740 100 415 2 817
3252	32 316 33 705 233 1 920 374
3258	740 923
3259	740 55 232 233
3260	406 125 176
3261	151 350 2 550 615
3262	740 100 415 2 861
3263	621 740 390 590 2 817
3264	892 590 794 732 33 853
3265	90 740 792 2 817
3266	592 741 60 920
3267	856 260 832 390 590 2 817 690 544
3268	740 575 17 60 220 65 374
3269	740 690 435 255
3271	520 33 705 240
3272	740 7 503
3273	740 760 742
3274	740 255 705 741 412
3276	90 740 240 235 1 820
3278	520 33 705 231 220 2 817
3279	740 100 415 2 861
3280	740 460 741 60 920
3281	390 16 2 824
3282	520 33 705 231 60 550
3283	400 159 877
3284	105 31 60 820
3286	740 900 5 741 390 125
3287	740 400 142 61
3288	740 861 877 741 705 319
3291	617 16
3295	740 384 32 803 2 820
3296	740 927 32 741 208
3299	892 70 590 495 520 231 368 861
3300	740 48 2 817
3301	151 31 90 32 1 505
3302	527 550 235 2 817
3303	621 46
3304	154 160 363
3305	740 390 590 233 220 415 798 838 2 820
3306	90 125 2 861
3308	740 772 2 817
3311	520 920 320 220 415
3312	151 97 31
3313	400 806 805
3314	740 923 803
3315	390 869 2 861
3316	156 3
3317	267 413 575
3318	550 740 220 60 297 630
3322	740 269 792 741 345
3324	243 705 31
3326	520 233 803 60 820
3327	740 705 171 360 64
3328	740 390 590 741 821
3329	526 555 235 2 861
3330	740 920 320
3331	520 460
3332	740 460 503 31 2 900 615
3333	740 416
3334	527 550
3335	740 205 32 2 390 590 32
3338	740 176 220 415 798
3339	90 740 233 60 368 817
3340	740 923 233
3341	740 910
3342	400 90 740 35 171 61
3343	426 3 2 388 31
3345	740 690 435 255
3346	740 927 240 31
3348	740 792
3349	481 740 255 360
3350	31 31 550 3
3351	400 520 33 705 233
3352	740 760 705 2 577
3353	740 772 240 2 900 3 590
3354	520 33 705 236 803
3355	520 240 740 590 575
3356	400 158 460 503
3357	520 220 240 235
3358	527 550 741 60 920
3359	740 390 590 32 741 527
3360	401 861 440 220
3361	740 923 741 390 590
3362	151 243
3364	740 416 741 60 920
3365	740 142 61
3366	621 226
3367	740 927 741 60 920
3368	680 297 741 910
3369	286 645 1 368 817
3370	740 803
3371	520 220
3372	740 773 240 0 2 900 3 590
3373	740 617 550 61 435 93 740 100 415
3374	617 142 1 407 371
3375	740 825 2
3378	520 70 33 705 233 235 803
3379	740 760 605
3380	390 16
3381	151 55
3383	156 31 133
3384	368 803 31
3385	435 1 31
3386	740 904 690
3387	156 31
3389	590 705 575 920 140
3390	820 390 590
3393	740 482 235
3394	740 373 31 2 315 850
3421	520 220 32 2 861
3427	679 740 220 32 806 1 595 575 1 95
3437	407 4 2 861
3453	740 760 33 706 233 803
3454	617 550 33
3455	527 555 55 233 235 741 831 518
3459	740 100 415 798 460 350 2 817
3460	241 235
3461	527 554 1 297 190
3462	740 540 2 820
3463	151 390 590 2 374 840
3465	241 156 590 706 794 732
3467	861 292 590 520 70 503
3468	740 455 240 235
3469	808 347 61
3472	740 760 315
3474	1 820 595 760 706 635
3475	740 564 60 820
3479	740 100 140 3
3480	520 231 2 820
3481	740 615 104 2 817
3482	740 798 745 924 692
3483	740 585 220 0 2 130 35 171
3484	550 233 235
3485	740 140 2 741 60 920
3486	740 335 233 2 861
3487	874 543 350 0 520 1 741 794 324
3488	855 297 892
3490	740 803 2 820 741
3494	156 389
3496	60 692 0 740 269 140 2
3497	920 388
3498	740 544 0 353 741 455 920
3501	820 595 813 541
3502	740 61 2 400 703
3504	740 904 2 820
3505	740 585 17 2 820
3506	740 416 621 2 820
3508	740 772 235
3509	520 220 2 861
3511	621 520 231 240 2 456
3512	241 742 41
3513	740 32 840 235 2 861
3516	740 760 335 2 33 705
3517	740 690 435 255 233
3519	232 220 32 2 168 32
3521	520 233 31 2 861
3525	90 740 920 140 60 692
3526	740 923 240 2 817
3528	740 482
3529	520 33 705 220 32 0 231 72 2 270 633 32
3533	740 760 2 817
3535	740 927
3536	35 171 158
3537	740 927 231 60 692
3544	143 96
3546	740 176
3548	435 1 3
3550	740 48 232
3551	740 255 704 176
3552	790 0 740 100 415 740 257 840
3553	706
3556	740 690 435 255 2 861
3557	90 740 100 320 1 300 632
3558	151 416
3559	401 390 16 853
3560	740 900 5 877
3561	520 33 705 235 233 2 817
3562	1 368 351
3564	156 3
3566	156 31
3569	407 4 1 745 561 586
3571	740 100 456 1 820
3572	740 55 240 220 32 806
3573	740 483 233 235 55
3574	416 1 740 720 175 2 861
3575	740 455 176 2 817
3576	520 33 706 240 235
3577	154 388 717 706
3578	400 456 503 337 484 920 140
3579	520 70 921 742 615 920
3580	740 55 2 861 603
3581	130 32 905
3582	740 752 440 220 32 798
3583	159 243 1 740 325
3584	32 905
3589	416 1 520 240 806 2 502 31
3595	595 820 706
3604	527 550 33 705 233 2 817
3610	400 159 877
3611	740 405 590 806 2 820
3612	740 460 503
3613	740 32 55 1 407 4
3615	407 4 1 740 407 590 235
3616	520 400 354 2 817
3617	400 740 220
3619	407 16 1 740 923
3620	617 142 240
3621	127 381 292 590 32 901 620
3622	154 384
3623	740 460 503 2 880
3625	527 555 231 240 798
3627	423 3 491
3628	740 798 405 590 33 706 806
3646	16 2 504 342 632
3647	740 680 90 585 17
3648	740 390 590 235 2 861
3650	740 861 32 233 803 2 820
3651	406 371 220 415 803 742 920 320
3652	527 555 235
3657	32 2 900 285
3658	520 33 705
3663	740 923 33 705 0
3664	390 16
3665	740 483 803 626 61
3667	740 900 5
3670	527 550 2 370
3671	154 101
3673	790 32 33 705
3675	740 540 920
3677	527 550 2 370
3678	740 792
3679	740 575 17 31 741 60 920
3680	904 4 821 1 480 850 595 391
3681	0 0
3683	156 3
3684	400 525 550
3688	520 33 705 803 853
3690	167 704
3696	740 760 335 803
3697	400 740 33 503
3698	740 630
3699	740 630
3700	740 630
3701	740 630
3703	90 740 240 235 590 645 104
3704	90 740 240 235 590 645 104
3705	740 100 415 240
3709	740 482 803 745 450 575
3710	400 97 700 4
3711	740 760 33 33 220 415 798 2 861
3712	1 484 140 2 220 627 615 906 388
3713	90 740 792 740 220 3 803
3714	740 384
3719	400 740 923 226 32
3720	740 220 3
3722	740 220 3
3723	740 220 3
3724	740 220 3
3725	740 690 60 550
3726	690 323
3727	740 176 233 831
3728	740 176 233 806
3730	740 176 231 806
3733	407 845 220 415
3734	790 740 100 405 590
3735	165 900 790
3736	165 900 0
3738	617 142 1 595 95 717 747
3741	424 3 1 900 740 690 435 255
3742	422 3 900 740 690 435 255
3745	422 3 900 740 690 435 255
3746	422 3 900 740 690 435 255
3747	740 923 33 706
3748	740 923 33 706
3749	740 923 33 706
3750	740 923 33 706
3751	740 923 33 706
3752	740 923 33 706
3753	407 321 407 845 33 705 235
3754	407 321 407 845 33 705 235
3755	407 321 407 845 33 705 235
3756	407 321 407 845 33 705 235
3757	740 100 176 422 3
3759	740 100 176 422 3
3760	740 752 615 503
3761	740 752 615 503
3762	740 752 615 503
3763	740 752 615 503
3764	740 752 615 503
3765	740 752 615 503
3766	740 752 615 503
3767	740 752 615 503
3768	740 752 615 503
3769	740 400 61 299 350 125 176
3770	407 61 845 240 798
3771	407 61 845 240 798
3772	407 61 845 240 798
3773	740 222 220 235
3774	740 222 233 235
3775	740 222 233 235
3776	407 585 33 705 233 235 806
3777	407 585 33 705 233 235 806
3778	617 142 597 32 905
3779	617 142 597 32 904
3780	617 142 597 32 905
3781	617 142 597 32 905
3782	617 142 597 32 905
3783	740 388 585 17
3784	740 900 850 407 61 845 806
3785	740 900 850 407 61 845 806
3786	740 900 850 407 61 845 806
3787	753
3788	749 479
3790	749
3791	777
3792	777
3793	777
3794	777
3798	904 32 904
3800	241 220 235 803
3801	740 31 226
3814	740 900 3 0 741 2
3815	740 920 320
3820	151 33
3823	705 32 595 90 175
3841	400 740 585 838 240
3842	31 645 645 31
3843	740 100 31
3844	0 16 2 861
3845	740 416
3848	740 760 17 503
3853	90 740 220 16 2 820
3854	520 240 60 922
3855	390 3 2 820
3856	740 33 495
3859	400 798 255
3863	160 90 55 60 190
3865	405 4
3868	130 32 820
3869	740 760 335 741 60 920
3872	740 877 32 235
3873	400 226 415
3874	426 3
3875	390 4 2 390 125 820
3876	740 60 390 803 740
3882	416 150 2 55 31 319 1 924
3884	390 4 2 705 127
3889	740 740 1 550 467
3890	740 585 231 240 60 820
3891	740 100 415 927 60 920 31
3892	2 368 590 900
3894	555 233 2 820
3895	700 32
3896	740 222 235 2 820
3897	93 340 924 220 528
3898	2 4 328 1 803 415
3900	413 933 31
3901	136 31
3902	931 0
3903	740 912
3905	812 500 60 920
3906	740 690 435 255 742 615 380
3907	740 390
3908	740 760 1 233 2 861
3909	740 482 33 705 2 861 803
3912	31 700
3915	90 740 235 741 572 368
3916	368 861 501 31
3918	740 443 388 231
3921	153 31 700
3924	151 390 590
3925	740 32 840 235 2 817
3926	405 4 2 933
3927	742 440 556
3930	740 611 706 2 820
3932	740 100 176
3934	34 32 32
3935	34 999 34
3949	740 850
3950	220 32
3952	740 220
3953	365 527
3959	700 32
3960	400 740 405 590 235 806
3965	158 806 465
3966	158 806 465
3967	740 390 590 235
3969	700 33
3970	740 176 220 235
3971	740 176 220 235
3975	740 603 240 60 692
3976	740 32 840 0
3978	615 352
3979	400 740 790
3984	520 70 503 240
3985	520 33 705 235 240 741 903 903
3987	740 752 460 510
3988	740 384
3990	390 3 2 820
3991	390 4 2 31 376
3992	157 31 2 390 705
3993	154 900 4 1 390 32
3995	520 220 1 820 220 63 315
3996	740 900 5
3997	740 61
4001	740 440 233 2 413 368 31
4002	368 5 2 590 455
4004	400 804
4005	740 903 850 33 706 235
4007	155 806 468
4010	740 575 17 233 550 2 861
4011	740 923 13 820
4014	790 5 956
4015	740 900 5 2 570
4016	740 927
4020	455 66 942 90
4022	136 140 861 455 922
4023	740 923 33 706
4025	740 752 615 503
4029	740 900 850 407 61 845 806
4030	2 407 125 590 831
4031	700 125
4032	840 705
4033	740 482 838
4036	400 740 176
4039	723 66 828
4040	740 482 838
4047	41 705 2 905
4052	868 706 590
4056	220 700 4
4059	700 33
4068	0
4069	700 34
4072	700 32
4073	700 33
4074	0 0 0
4077	700 33
4082	400 98
4084	90 740 220
4085	700 33
4086	400 740 176
4087	700 33
4088	700 33
4090	226 32
4097	480 3 31
4124	482 33
4138	413 530
4139	740 554
4143	645 3 900
4149	520 33 33
4153	520 73
4155	740 390 590 125 220 235 2 285
4159	368 5 741 60 920
4161	64 4 2 1 740 176
4162	740 760 1 233
4164	423 3 1 423 2 31 104
4165	740 840 416
4166	776 440 3 421
4167	520 33 706
4172	90 160
4173	392 4 2 278 595
4175	156 142 741 60 920
4181	817 130
4182	740 390 590 231 2 705 530 904
4183	740 798 233 742 175
4184	740 32 840 803
4187	231 850
4190	5 408
4194	154 806 472 1 2 220 455 806
4195	820 390 590 2 861
4196	391 2 365 550
4198	390 550 452 60 690
4201	832 140 2 1 547
4203	460 513 0 390 17 2 460 575
4208	740 176 1 741 703 900 3
4209	740 384 2 629 279
4211	740 100 235 2 817
4220	520 742 861
4221	740 760 234 741 740 590
4223	31 151
4224	740 235 220
4225	156 19
4226	400 740 920
4227	740 630 98 368 824
4229	740 390 590 220 460 240 1 820 60
4232	520 235
4236	740 760 175 220 255
4237	151 32 388 2 390 705
4239	90 95 741 374 132
4240	151 142
4242	4 408
4244	233 776
4250	520 90 803 564 741 798 892
4254	561 92 625 900
4258	892 33
4260	390 16 2 861
4269	422 3
4272	405 16 2 861
4274	832 1 740 176
4277	740 67 900 2 3
4284	590 407 790 1 746
4286	153 220 32
4287	740 798 706 61 60 550
4290	700 33
4301	136 33
4302	740 519 2 900 630
4580	520 240 2 405 501
4597	400 90
4676	66 33
4894	111 3 250
4935	740 32 840 679
5215	155 5
5218	520 70 495 240 60 297 368 632 32
5219	292 352 125 741 900 322
5220	520 460 510
5227	220 455 31 91
5228	33 1 32 91
5229	31 93 1 91 220 55
5234	740 61
5235	740 32 29 2 281
5236	740 405 590 60 146
5244	740 706
5245	740 706
5252	740 900 803
5271	740 177
5272	909
5273	740 585 231 220 32 2 820
5277	520 220 6
5280	151 61
5281	892 890 417 2 56 91
5284	740 798
5316	390 17
5341	31 817
5353	390 790
5355	861 111 391 60 692
5356	740 222 2 817
5357	526 554 2 880
5358	861 111 606 2 820
5359	740 760 32
5360	520 220 742 60 920
5361	407 63 740 176 236 798 2 297 350 125 413
5364	795 400 740
5369	740 861
5383	741 794
5384	740 384 31 950 1 741 257 840
5388	90 740 220 55 1 741 500 705
5389	400 740 32
5396	400 137
5421	520 31
5428	151 400 142
5442	740 742
5444	520 13
5451	335 220 98 921 861
5453	415 820
5455	390 16 13 820
5456	520 235 220 32
5462	400 158 806 472
5465	390 840 741 31 370
5470	700 33
5495	740 840 2
5523	215 2 2
5527	740 424
